BIBLIOGRAFÍA;CORDEMÁFORO;AUTOR;TÍTULO;FECHA;TEMA;PAÍS;CONCORDANCIA;Válido;Reflexivo;Complemento_de;Aspecto_verbal;Sujeto;Perífrasis;Observaciones
c1422-1433 [primer tercio del s. XV] GUADALFAJARA, MOSE ARRAGEL DE, Traducción y glosas de la Biblia de Alba [España] [Antonio Paz y Melia, Madrid, Imprenta Artística, 1920-1922] Religión;V_manual;GUADALFAJARA, MOSE ARRAGEL DE;Traducción y glosas de la Biblia de Alba;c1422-1433[primer tercio del s. XV] ;Religión;España;E los sus çapatos viejos e remendados en sus pies, e ropas viejas sobrellos, e todo el pan para su mantenimiento estaua seco e fecho pintas de mofo.;no;;;;;;
c1422-1433 [primer tercio del s. XV] GUADALFAJARA, MOSE ARRAGEL DE, Traducción y glosas de la Biblia de Alba [España] [Antonio Paz y Melia, Madrid, Imprenta Artística, 1920-1922] Religión;V_manual;GUADALFAJARA, MOSE ARRAGEL DE;Traducción y glosas de la Biblia de Alba;c1422-1433[primer tercio del s. XV] ;Religión;España;Este pan que veedes callente nos proueyemos dello desde nuestra casa en el dia que sallemos para yr a vos otros, e agora es ya sseco con pintas de moffo.;no;;;;;;
1438 [s. XV (1466)] MARTÍNEZ DE TOLEDO, ALFONSO, Arcipreste de Talavera (Corbacho) [España] [Marcella Ciceri, Madrid, Espasa-Calpe, 1990] Novela;V;MARTÍNEZ DE TOLEDO, ALFONSO;Arcipreste de Talavera (Corbacho);1438[s. XV (1466)] ;Novela;España;", al otro por antojo; al uno da del pie, al otro fiere de cobdo; al otro aprieta la mano, al otro tuerçe el rrostro. Pues,  los señales * que sabe fazer del ojo, éstos son diversos: que mirando burla del onbre, mirando mofa el onbre, mirando falaga el onbre, mirando enamora al onbre, mirando mata al onbre, mirando muestra saña, mirando muestra ira, echando aquellos ojos de través. Más juegos sabe fazer la muger del ojo que non el enbaydor * de manos. Pues, de la boca, ¡non por burla";si;no;no;imperfectivo;animado;;
1438 [s. XV (1466)] MARTÍNEZ DE TOLEDO, ALFONSO, Arcipreste de Talavera (Corbacho) [España] [Marcella Ciceri, Madrid, Espasa-Calpe, 1990] Novela;V;MARTÍNEZ DE TOLEDO, ALFONSO;Arcipreste de Talavera (Corbacho);1438[s. XV (1466)] ;Novela;España;"mira cómo la muger quiere al onbre e lo ama, e quanta voluntad le tyene, ca del cuytado del marido ha de sallir por donde sean amigos. Pues, sy la muger esto a su marido faze, ¿qué espera otro cuytado aver de aquella que, luego que parte el lindar, le mofa como mesquino, e demás en su presençia faze del ojo a su vezina e tuerçe la boca, dándole del ancha por fazer dél ansarón? Por ende, el fiar dellas es por demás; byen quererlas es papafigo; ¿penar por ellas?¡El sonbrero! Pues, ¡camina, conpañero!";transitivo;;;;;;
c1481-1482 [s. XV] ANÓNIMO, Crónica de Enrique IV de Castilla 1454-1474 [España] [María Pilar Sánchez Parra, Madrid, Ediciones de la Torre, 1991] Historia;V_manual;ANÓNIMO;Crónica de Enrique IV de Castilla 1454-1474;c1481-1482[s. XV] ;Historia;España;E acaesçio que Mofarias, un moro de los que alli venian con el rey, fue apossentado en la cassa de un mercador llamado Diego Sanchez de Origuela, el qual tenia una fija muy fermosa, de la qual aquel moro se enamoro, e como a la donzella fuese aborresçible la habla suya e no quisiesse dar lugar a la voluntad del moro;no;;;;;;
c1481-1482 [s. XV] ANÓNIMO, Crónica de Enrique IV de Castilla 1454-1474 [España] [María Pilar Sánchez Parra, Madrid, Ediciones de la Torre, 1991] Historia;V_manual;ANÓNIMO;Crónica de Enrique IV de Castilla 1454-1474;c1481-1482[s. XV] ;Historia;España;"señor, dezid ¿como dira el pregonero quando se esecutare esta justiçia que mandays fazer? El rey ovo enojo de lo quel conde Gonçalo le dixo, e metiosse en su palaçio; e los que çerca del rey estavan fizieron yr de alli a los que con esta quexa vinieron. E asy el moro Mofarias llevo la donzella e pusola en salvo en un lugar de Granada, e asy la tovo por mançeba, en ynjuria de nuestra santa fee catolica.";no;;;;;;
c1500 [s. XVI (1521)] ANÓNIMO, Comedia Thebayda [España] [José Luis Canet, Valencia, UNED-Universidad de Sevilla-Universidad de Valencia, 1993] Teatro;V_manual;ANÓNIMO;Comedia Thebayda;c1500[s. XVI (1521)] ;Teatro;España;Galterio. Escucha, escucha, no mofes tan de verdad hasta ver el fin que más se me entiende de lo que piensas.;si;no;no;imperfectivo;animado;;
c1500 [s. XVI (1521)] ANÓNIMO, Comedia Thebayda [España] [José Luis Canet, Valencia, UNED-Universidad de Sevilla-Universidad de Valencia, 1993] Teatro;V_manual;ANÓNIMO;Comedia Thebayda;c1500[s. XVI (1521)] ;Teatro;España;Galterio. Bueno andas, Simaco. Después el otro día mofavas * de mí.;si;no;si;imperfectivo;animado;;
1529-1531 GUEVARA, FRAY ANTONIO DE, Reloj de príncipes [España] [Emilio Blanco, Madrid, Turner, 1994] Novela;;GUEVARA, FRAY ANTONIO DE;Reloj de príncipes;1529-1531;Novela;España;Burlen y mofen los grandes de los pequeños, los fermosos de los feos, los sanos de los contrahechos, los blancos de los negros, los derechos de los corcobados, los gigantes de los enanos, que al fin al fin todos han de aver fin. Por cierto, a mi parecer por ser los cipreses muy;si;no;si;imperfectivo;animado;;
c1540 VILLALÓN, CRISTÓBAL DE, El Scholástico [España] [José Miguel Martínez Torrejón, Barcelona, Crítica, 1997] Novela;;VILLALÓN, CRISTÓBAL DE;El Scholástico;c1540;Novela;España;— Entre todas las naçiones del mundo tiene la castellana por natural el mofar y burlar, porque entre todas es la gente más simuladora y parlera, y pícanse por buenas maneras de afrentar a quien les pareçe, y préçianse con sus simulaçiones hazer a todos locos, teniendo por opinión que dar ocasión de enloqueçer a alguno, que sea salvarle el ánima, diziendo qué el loco no puede pecar;si;no;no;infinitivo;impersonal;;sustantivado? Creo que no
c1540 VILLALÓN, CRISTÓBAL DE, El Scholástico [España] [José Miguel Martínez Torrejón, Barcelona, Crítica, 1997] Novela;;VILLALÓN, CRISTÓBAL DE;El Scholástico;c1540;Novela;España;, y holgáisos con sus graçias y donaires, y aun inçitáis a los mochachos que con temas y vozes, trapos suçios y con otras bellaquerías los sigan y los hagan más locos para vuestro plazer. Desto os preçiáis y esto queréis, pasando siempre tiempo con todos en chufetas y motes. Os plaze burlar y mofar de todos, y así agora queréis que partiçipe yo entre vosotros desta pena sin os lo mereçer.;si;no;si;infinitivo;animado;;
1542-1565 RUEDA, LOPE DE, Comedia llamada Eufemia [España] [Alfredo Hermenegildo, Madrid, Cátedra, 2001] Teatro;;RUEDA, LOPE DE;Comedia llamada Eufemia;1542-1565;Teatro;España;Vallejo. Ya lo he dicho al señor Leonardo: cobrar unas blanquillas de ciertos jayanes que son venidos aquí a mofar  de la tierra. Veamos de quién tomaron licencia sin registrar primero delante de aqueste estival.;si;no;si;infinitivo;animado;;
1544 CASTILLEJO, CRISTÓBAL DE, Diálogo de mujeres [España] [Rogelio Reyes Cano, Madrid, Castalia, 1986] Verso;;CASTILLEJO, CRISTÓBAL DE;Diálogo de mujeres;1544;Verso;España;"entonadas y palabras muy osadas defiende su malefiçio y pecados. Entre los más sossegados sienbra y ençiende quistiones;  conçiertos y condiçiones no los tiene en dos cornados, * ni verdades. Burla de las amistades y haze de ellas barato, * no metiendo en el contrato sino sus comodidades, y florea, * juega y mofa y lisongea y murmura gravemente, malsinando al ynoçente * aunque offendida no sea; es parlera y no menos novelera * de cosas nunca sabidas, y relata las oydas contino de otra manera, añadiendo, acreçentando y poniendo de su casa la mytad y de qualquier vanidad muy gran historia haziendo. Pues fiaros de la";si;no;no;imperfectivo;animado;;
c1550-1580 LEÓN, FRAY LUIS DE, «Traducciones sacras»(Poesía) [España] [Madrid, Gredos, 1990] Verso;;LEÓN, FRAY LUIS DE;Traducciones sacras(Poesía);c1550-1580;Verso;España;"Es bienaventurado varón el que en concilio malicioso no anduvo descuidado, ni el passo pereçoso detuvo del camino peligroso; y huye de la silla de los que mofan la virtud y al bueno;  y juntos, en gavilla, arrojan el veneno, que anda recogido en lengua y seno. Mas en la ley divina pone su voluntad, su pensamiento, el día quando se inclina, y el claro movimiento, lo escuro de la noche en ella atento. Será qual verde";transitivo;;;;;;
c1550-a1606 ALCÁZAR, BALTASAR DEL, Obra poética [España] [Valentín Núñez Rivera, Madrid, Cátedra, 2001] Verso;;ALCÁZAR, BALTASAR DEL;Obra poética;c1550-a1606;Verso;España;"precia la vida más que el oro:  ""¡Oh tú, furia infernal del hondo asiento! no me rompas la hebra que devanas hasta sacar a luz mi buen intento.""  Hallóse un regidor de Dos Hermanas en un andamio al sol, toda la siesta, hombre rollizo, espeso, pocas canas,  mofando del cabildo y de la fiesta, del toro, de las damas y del cuerno, con una gran risada descompuesta.  Dijo Benito: ""misticón de infierno, tinajuela empegada, borrachuelo, mentís en todo, ¡voto a Dios eterno!"".   Y alzando el brazo, erizado el pelo,";si;no;si;gerundio;animado;;
c1553-1556 VILLALÓN, CRISTÓBAL DE, El Crótalon de Cristóforo Gnofoso [España] [Asunción Rallo, Madrid, Cátedra, 1990] Novela;;VILLALÓN, CRISTÓBAL DE;El Crótalon de Cristóforo Gnofoso;c1553-1556;Novela;España;Gallo Por Dios, si los clérigos por ahí hubiessen de ir no habría hombre del mundo que no mofasse dellos, y todo el vulgo y pueblo los tuviesse por escarnio y risa.;si;no;si;imperfectivo;animado;;
c1553-1556 VILLALÓN, CRISTÓBAL DE, El Crótalon de Cristóforo Gnofoso [España] [Asunción Rallo, Madrid, Cátedra, 1990] Novela;;VILLALÓN, CRISTÓBAL DE;El Crótalon de Cristóforo Gnofoso;c1553-1556;Novela;España;unas çédulas de confessión fingidas y falsas, hechas para cumplir. Con esto no les verás hazer cosa por donde entiendas de qué ley son, porque sus dos más prinçipales obras son beber y renegar: que Cuaresma ni cuatro témporas, ni vísperas de Santos, ni viernes, no hazen differençia en el comer. Antes mofan de los que en aquellos días hazen alguna espeçificación. * No quiero hablar desta ruin  gente más, porque aun mi lengua, aunque de gallo, tiene asco y empacho de hablar de hombre tan perverso y tan vil, que si en sus bajezas me quisiesse detener, tiempo faltaría para dezir. Pero, pues;si;no;si;imperfectivo;animado;;
c1553-1556 VILLALÓN, CRISTÓBAL DE, El Crótalon de Cristóforo Gnofoso [España] [Asunción Rallo, Madrid, Cátedra, 1990] Novela;;VILLALÓN, CRISTÓBAL DE;El Crótalon de Cristóforo Gnofoso;c1553-1556;Novela;España;Gallo Desos amigos hay el día de hoy, que antes mofarán y burlarán de vos en vuestra neçesidad que procurarán remediarla.;si;no;si;imperfectivo;animado;;mofar y burlar
c1553-1556 VILLALÓN, CRISTÓBAL DE, El Crótalon de Cristóforo Gnofoso [España] [Asunción Rallo, Madrid, Cátedra, 1990] Novela;;VILLALÓN, CRISTÓBAL DE;El Crótalon de Cristóforo Gnofoso;c1553-1556;Novela;España;"esta gente consagrada toma semejantes ayuntamientos; los cuales les habían de ser vedados por sus perlados y juezes, y a éstos querría yo ser destos relactor, porque lo podrían remediar, antes que no a ti; *  porque en contártelo sólo doy ocasión con mi lengua a que habiendo tú plazer, te rías y mofes de aquella consagrada caterva que está en la tierra en lugar de la divina magestad. De manera que si yo me hubiere flaca y fríamente en el persuadir y demostrar este aconteçimiento, corro peligro en mi persona de tibio orador; y cuando por el contrario en el encareçer y esaxerar me mostrara elocuente será para augmentar tu risa y mofa, haziendo en";si;ambiguo;si;imperfectivo;animado;;Reír aparece con el reflexivo, podría venir de ahí
c1553-1556 VILLALÓN, CRISTÓBAL DE, El Crótalon de Cristóforo Gnofoso [España] [Asunción Rallo, Madrid, Cátedra, 1990] Novela;;VILLALÓN, CRISTÓBAL DE;El Crótalon de Cristóforo Gnofoso;c1553-1556;Novela;España;"aquellos que servían las copas y manjares, y como a las vezes se aprovechasse de las copas que estaban llenas en la messa, y las vezes de las que passaban, hallábase  beber doblado; y ansí con el vino demasiado començó a más salir de sí, dezía maliçias y atrevimientos en todos los que en el convite estaban, mofaba de aquellas copas de plata, mesas, sillas, tapiçes y grande aparato llamando a Aristeneto el grande usurero, engrandecía con maliçia su grande injenio y industria, pues por su buena soliçitud prestando y cambiando, había adquerido tan grande hazienda. Y Aristeneto ya mohíno y afrontado que lastimaban los donaires mandó a dos criados suyos";si;no;si;imperfectivo;animado;;
c1553-1556 VILLALÓN, CRISTÓBAL DE, El Crótalon de Cristóforo Gnofoso [España] [Asunción Rallo, Madrid, Cátedra, 1990] Novela;;VILLALÓN, CRISTÓBAL DE;El Crótalon de Cristóforo Gnofoso;c1553-1556;Novela;España;les digan se encogen, espantan y admiran, y tienen por averiguado que la fingen siendo mentira por burlar dellos y los engañar. Los sabios, los que todo lo han visto, los que todo lo han leído, todo lo menospreçian, todo lo tienen en poco, y ansí passando adelante lo ríen y mofan y tachan y reprehenden, mostrando haber ellos visto mucho más sin comparaçión. Ansí agora tú considera que no es peor estremo, no creer nada, que creerlo todo, y piensa que ninguna cosa puede imaginar el entendimiento humano que no pueda ser, y que maravilla es que todo lo que puede ser, sea de;transitivo;;;;;;
c1553-1556 VILLALÓN, CRISTÓBAL DE, El Crótalon de Cristóforo Gnofoso [España] [Asunción Rallo, Madrid, Cátedra, 1990] Novela;;VILLALÓN, CRISTÓBAL DE;El Crótalon de Cristóforo Gnofoso;c1553-1556;Novela;España;"capas de coro andaban paseándose por allí, y otros cantando en el coro. Maravillábame que unos tan graçiosos animalejos criados en la montaña imitassen tan al natural todos los officios y exerçiçios de saçerdotes a lo menos en lo exterior; y viniendo a mirarlos debajo de aquellos vestidos y ornamentos benditos descubrían el vello, golosina, latroçinio, cocar y mofar, rustiçidad y fiereza que tienen en la montaña. Acordéme haber leído de aquel rey de Egipto, de quien escribe Luçiano que quiso enseñar a dançar una gran cuadrilla de ximios o monas, y para esto los vistió todos de grana, y andando un día metidos en el teatro en su dança con un maestro de";no;;;;;;Sustantivado
1557-1558 ANÓNIMO, Viaje de Turquía [España] [Marie-Sol Ortola, Madrid, Castalia, 2000] Danza;;ANÓNIMO;Viaje de Turquía;1557-1558;Danza;España;"dispornía a todo lo que yo hiziese; y fuímonos su marido y yo a su aposento donde tenía llamados todos los protomédicos y médicos del rrei, y como començaron a descoser contra mí tanto en turquesco, y yo les dixese que me diesen quenta de toda la enfermedad cómo había pasado, tubiéronlo a pundonor y mofaban todos diçiendo que qué grabedad tenía el rrapaz christianillo; y dizen a Rustán Baxá en turquesco que ya me han tentado y que no sé nada, ni cumple que se haga cosa de lo que yo dixere, quanto más que soi esclabo y la mataré por ser su enemigo. Un paje del Rustán Baxá, que se me había";si;no;no;imperfectivo;animado;;
1585 PÉREZ DE MOYA, JUAN, Philosofía secreta de la gentilidad [España] [Carlos Clavería, Madrid, Cátedra, 1995] Mitología;;PÉREZ DE MOYA, JUAN;Philosofía secreta de la gentilidad;1585;Mitología;España;"quiriendo Iúpiter ver cómo se habían los hombres en el vivir, se transformó en hombre, y descendió a la tierra, y andando de unas partes en otras, llegó donde estaba Licaón; y manifestando a todos ser un Dios, comenzó el pueblo menor luego con grande humildad a honrarle; sólo Licaón hacía burla y mofaba de los que tal hacían; y no contento con esto, quiso probar si era Dios, y para esto mató un hombre que preso tenía, y hízolo aderezar, y convidó a Iúpiter a comer, y púsoselo delante. Iúpiter, conociendo ser carne humana, enojado puso fuego a su casa. Licaón, d";si;no;si;imperfectivo;animado;;
1588 MALÓN DE CHAIDE, FRAY PEDRO, La conversión de la Magdalena [España] [Félix García, Madrid, Espasa-Calpe, 1930] Religión;;MALÓN DE CHAIDE, FRAY PEDRO;La conversión de la Magdalena;1588;Religión;España;"cosa de virtud su pensamiento, toman por oficio decir mal de todo aquello que no va medido con su grosero juicio. Tienen otra cosa rara, digna de tales sujetos, y es que, si oyen algo fuera de lo que éllos han leído en cuatro autores de Gramática, lo asquean tanto y lo burlan y mofan de tal suerte, como si sólo aquello con que éllos han desayunado su entendimiento  fuese lo cierto y de fe, y lo demás fuese patraña y sueño. Bien sé que el ingenio humano no se contenta de una manera, ni con las mismas cosas; y así de los que a unos parece bien, de";transitivo;;;;;;
1588 MALÓN DE CHAIDE, FRAY PEDRO, La conversión de la Magdalena [España] [Félix García, Madrid, Espasa-Calpe, 1930] Religión;;MALÓN DE CHAIDE, FRAY PEDRO;La conversión de la Magdalena;1588;Religión;España;y hablaban de ello, y ahora les parece a estos tales que es poca gravedad escribir y saber  cosa buena en nuestra lengua, de suerte que quieren más hablar bárbaramente la ajena y con mil impropiedades y solecismos e idiotismos, que en la natural y materna con propiedad y pureza, dando en esto que reír y burlar y mofar a los extranjeros que ven nuestro desatino.;transitivo;;;;;;
1588 MALÓN DE CHAIDE, FRAY PEDRO, La conversión de la Magdalena [España] [Félix García, Madrid, Espasa-Calpe, 1930] Religión;;MALÓN DE CHAIDE, FRAY PEDRO;La conversión de la Magdalena;1588;Religión;España;"antes que ser vista aun de tu lacayo; y cuando veas que lo que pensaste que no lo sabía la tierra, se publica delante del cielo, y veas que todos los que lo oyen se miran unos a otros pasmados de que fueses tan otra de lo que de ti pensaban, y que te silban y mofan y burlan de la hipocresía con que los engañabas; y que, leído el proceso, manda el juez, con gran severidad y gravedad de palabras y semblante, que seas desnudada delante de toda aquella gente; y que luego llegan a ti, y te comienzan a quitar la guirnaldilla y perlas y prendedero y todo el";si;no;si;imperfectivo;animado;;mofar y burlar
1588 MALÓN DE CHAIDE, FRAY PEDRO, La conversión de la Magdalena [España] [Félix García, Madrid, Espasa-Calpe, 1930] Religión;;MALÓN DE CHAIDE, FRAY PEDRO;La conversión de la Magdalena;1588;Religión;España;"a los primeros; que hable de los que, siendo buenos en el judaísmo, admitían su predicación y se pasaban al Evangelio; y de los que, por ser pecadores soberbios, avarientos, hipócritas, como lo eran los fariseos, no querían recibir a Cristo, ni les agradaba su doctrina, y así mofaban y burlaban * de ella.";si;no;si;imperfectivo;animado;;mofar y burlar
1588 MALÓN DE CHAIDE, FRAY PEDRO, La conversión de la Magdalena [España] [Félix García, Madrid, Espasa-Calpe, 1930] Religión;;MALÓN DE CHAIDE, FRAY PEDRO;La conversión de la Magdalena;1588;Religión;España;"no se le rebelasen ni le alzasen la obediencia; acordábales la fidelidad y la jura que le habían hecho en las cortes; y todo esto y esta espera y largas eran, porque tenía el Señor gana de perdonar al pueblo y tenía respeto a su casa, que estaba en aquella ciudad. Mas ellos se mofaban y hacían burla de los correos y mensajeros de Dios, nuestro Señor, y jugaban con las vidas de los predicadores y profetas que los amonestaban. Aserraron a Isaías; apedrearon a Jeremías; a Amós le atravesaron un clavo por las sienes, y, finalmente, regaron las calles de Jerusalén con sangre santa de los";si;si;si;imperfectivo;animado;;
1588 MALÓN DE CHAIDE, FRAY PEDRO, La conversión de la Magdalena [España] [Félix García, Madrid, Espasa-Calpe, 1930] Religión;;MALÓN DE CHAIDE, FRAY PEDRO;La conversión de la Magdalena;1588;Religión;España;". ¿Pasáis por tal maldad? ¿Habéis visto tal desatino y ceguera; que teman las cosas sin alma y sin razón, y que aquel que tiene cuerpo y alma, que pueden arder juntamente en el infierno, éste sólo sea tan osado, tan desmedroso, tan absoluto y disoluto, que se burle y mofe de la ley y de cuanto Dios le manda? ¿Qué es esto? ¿En qué confiáis?  ¿Qué Dios os soñáis, hombres miserables? ¿Quién os librará de sus manos en tiempo de la venganza? Quid facietis in die visitationis, et calamitatis de longe venientis? ad cuius confugietis auxilium? *";si;ambiguo;si;imperfectivo;animado;;burlar y mofar, el reflexivo de burlar podría aplicarse
1588 MALÓN DE CHAIDE, FRAY PEDRO, La conversión de la Magdalena [España] [Félix García, Madrid, Espasa-Calpe, 1930] Religión;;MALÓN DE CHAIDE, FRAY PEDRO;La conversión de la Magdalena;1588;Religión;España;"que el alcázar soberano sustentan de tu gloria y rico asiento, exceden todo humano entendimiento? Que, como de tu gloria estoy ausente, y no hay bien que consuele el alma mía, baña de noche el lecho con lágrimas quel pecho envía; y de suspiros juntamente se amasa el pan que como noche y día, porque mofando dice mi enemigo: «¿A dónde está tu Dios, tu bien, tu abrigo?» «¿Dó está el que te formó? ¿Dó aquel que adoras, que no te favorece, ni te esfuerza? Quizá que se ha dormido, o que en eterno olvido te tiene, oh alma,";si;no;no;gerundio;animado;;
1588 MALÓN DE CHAIDE, FRAY PEDRO, La conversión de la Magdalena [España] [Félix García, Madrid, Espasa-Calpe, 1930] Religión;;MALÓN DE CHAIDE, FRAY PEDRO;La conversión de la Magdalena;1588;Religión;España;"Dios, vida, salud y mi esperanza. Diréle a Dios: «¿No sois mi amparo cierto? Pues ¿porqué, Señor mío, me olvidastes? ¿no me veis andar triste, que mi enemigo embiste su saña contra mi? Yo casi muerto, molidos ya los huesos, me dejastes; y mofando con burlas lastimeras, dicen: «¿Dó está tu Dios, en quien esperas?» «Si es tu Dios, según dices, ¿cómo tarda en librarte? ¿Porqué te deja tanto? ¿Ya no te ve afligido? Quizá que se ha dormido, Y si acaso lo mira, ¿a cuándo";si;no;no;gerundio;animado;;
1593 GRACIÁN DANTISCO, LUCAS, Galateo español [España] [Margherite Morreale, Madrid, CSIC, 1968] Literatura;;GRACIÁN DANTISCO, LUCAS;Galateo español;1593;Literatura;España;"aun del injuriado se haze alguna estima, y del despreciado, no tanta, y a vezes ninguna. Es pues el escarnecer un tomar deleite de la verguença que hazemos tener a otro, sin ningún provecho de nosotros mismos. Por lo qual, en el común  trato y conversación se deven abstener los curiosos de mofar de nadie; y assí hazen mal a los que andan escudriñando y rechaçando los defectos de otros, aunque los tengan, pues no es buen término para quitallos, y entre personas  cuerdas y de buen trato huyen del que murmura como del demonio.";si;no;si;infinitivo;animado;;
"1596 LÓPEZ PINCIANO, ALONSO, Philosofía antigua poética [España] [Alfredo Carballo Picazo, Madrid, CSIC. Instituto ""Miguel de Cervantes"", 1953] Lingüística y lenguaje";;LÓPEZ PINCIANO, ALONSO;Philosofía antigua poética;1596;Lingüística y lenguaje;España;Bien está, dixo Fadrique, mas ni por solo esso, sino por dar al vocablo el sonido que les parece conuenir a lo que dizen y hazer más perfecta imagen de la cosa para mofar y escarnecer.;si;no;no;infinitivo;animado;;mofar y escarnecer
"1596 LÓPEZ PINCIANO, ALONSO, Philosofía antigua poética [España] [Alfredo Carballo Picazo, Madrid, CSIC. Instituto ""Miguel de Cervantes"", 1953] Lingüística y lenguaje";;LÓPEZ PINCIANO, ALONSO;Philosofía antigua poética;1596;Lingüística y lenguaje;España;"la cómica, se entiende que deue caer con el género, que es imitación actiua: que vemos algunas imitaciones ridículas, quales son algunas de las satíricas, y no pertenecen a la cómica, porque, o son enarratiuas, o comunes. Exemplo de lo que digo veréys en las sátiras de Horacio, el qual mofa escarneciendo  y burlando con mucho de lo ridículo. La definición que el Philósopho de la comedia dexó es muy buena también, y me marauillo cómo no se aprouecharon della los compañeros; pero, si bien se aduierte, la vna y la otra son casi vna cosa misma. La essencia de la tragedia está muy";si;no;no;imperfectivo;animado;;
"1596 LÓPEZ PINCIANO, ALONSO, Philosofía antigua poética [España] [Alfredo Carballo Picazo, Madrid, CSIC. Instituto ""Miguel de Cervantes"", 1953] Lingüística y lenguaje";;LÓPEZ PINCIANO, ALONSO;Philosofía antigua poética;1596;Lingüística y lenguaje;España;"conuendrá a la satyrica. Mimo Vamos al mimo, el qual se algo con el nombre de la imitación, que mimo esto quiere dezir; y el qual es vn mezcla de dithirámbica y cómica, porque dançaua y cantaua la persona sola, y, alguna vez, loores de Bacho como la dithirámbica, y mofaua y burlaua como la cómica. Salían las personas al exercicio de ese poema teñidas las caras con hollín y vestidos de pieles de corderos, y assí hazían su imitación de las costumbres que reprehendían; por lo qual algunos, y entre éstos Cicerón, los dixo ethólogos,  que quiere dezir imitadores de costumbres, y";si;no;no;imperfectivo;animado;;
1603 LUQUE FAJARDO, FRANCISCO DE, Fiel desengaño contra la ociosidad y los juegos [España] [Martín de Riquer, Madrid, Real Academia Española, 1955] Literatura;;LUQUE FAJARDO, FRANCISCO DE;Fiel desengaño contra la ociosidad y los juegos;1603;Literatura;España;— No os dé cuidado —dijo Laureano—, que ha de venir día en que satisfaga Dios esa pesada mofa, riéndose  dellos , cuando vayan su camino a los pesares eternos. Sobrada razón tuvistes en notarlo, reformado Florino, aunque ellos lo hayan pasado tan desalmadamente. Empero, porque nuestro discurso no vaya estéril de las flores de la lengua santa, os diré un lugar del Éxodo  a propósito de nuestro intento. Hizo Dios;no;;;;;;
1603 LUQUE FAJARDO, FRANCISCO DE, Fiel desengaño contra la ociosidad y los juegos [España] [Martín de Riquer, Madrid, Real Academia Española, 1955] Literatura;;LUQUE FAJARDO, FRANCISCO DE;Fiel desengaño contra la ociosidad y los juegos;1603;Literatura;España;"tanto como otros —dijo Laureano—  confieso estoy interiormente lastimado de oir el proceso miserable de tanta superstición, agüeros y pronósticos, culpas y pecados, que traen olor de paganismo, bien fuera de todo culto y religión católica. Aun allá se refiere de Cicerón que, siendo profesor de supersticiones y agorerías, se ríe mofando dellas, como de disparates sin fundamento, y aun las reprehende; en remate de lo cual dice el glorioso Agustino, hablando con el cristiano pueblo: «Hagamos todos gracias al Señor, que por la humildad soberana de Cristo, por la predicación de los apóstoles, por la fe de los mártires,";si;no;si;gerundio;animado;;
1603 LUQUE FAJARDO, FRANCISCO DE, Fiel desengaño contra la ociosidad y los juegos [España] [Martín de Riquer, Madrid, Real Academia Española, 1955] Literatura;;LUQUE FAJARDO, FRANCISCO DE;Fiel desengaño contra la ociosidad y los juegos;1603;Literatura;España;"antiguo y su llaneza, es decir que en lo nuevo del vicio que ellas usan hay algo bueno; lo cual es falso e indicio grande de la calificación de sus culpas y mal camino, por donde se viene a dar en un desprecio de virtud, principio de grandes inconvenientes; y eslo muy gravísimo hacer mofa del honesto recogimiento, tan propio de honradas matronas. Muy de alabar fueron aquellos siglos, cuando se ponía celoso cuidado en la crianza de las hijas, de donde salían bien instruidas para vivir en obediencia de matrimonio o religión de monjas; entonces se decía bien esperar ventura al casamiento y al tomar estado";no;;;;;;
1604 VEGA CARPIO, LOPE DE, «Segunda parte de las Rimas»(Rimas) [España] [Madrid, Biblioteca Castro, 2003] Verso;;VEGA CARPIO, LOPE DE;Segunda parte de las Rimas(Rimas);1604;Verso;España;l volo.  Estos veréis que pintan una guerra llena de escolopendrios y de grifos, llamando a Scila latitante perra.   Son todos sus caballos hipogrifos, perlifican el Alba, el día estofan con tarjetas, florones y anaglifos.  Los cabellos de Venus alcarchofan, y en no viendo su igual carantamaula, de cuanto escuchan boquituertos mofan.  Otros veréis que cantan en su jaula sin dar un verso del umbral afuera, dulces poetas de Amadís de Gaula.  Tras esta escuadra irreparable y fiera hay otra gente de primer tonsura, en quien Apolo apenas reverbera.  Hay poetas donados con mesura que a todo protoingenio reverencian, pura humildad, mas ignorancia pura.  Otros;si;no;si;imperfectivo;animado;;
1605 HIDALGO, GASPAR LUCAS, Diálogos de apacible entretenimiento [España] [Julio Alonso Asenjo/Abraham Madroñal, Madrid, Real Academia Española, 2007] Relatos;;HIDALGO, GASPAR LUCAS;Diálogos de apacible entretenimiento;1605;Relatos;España;"FABRICIO: Eso fue llamarle cobarde honradamente. Y no obstante que tiene don Diego prometida otra historia parecida a la del racionero, no dejemos la materia de cobardía. Un galán, menos valiente que otros, entró en cierta conversación, donde estaba una señora con dos o tres doncellas, hijas suyas, y por mofar dellas dijo que por cada virgen que le señalasen dentro de la sala daría un doblón. Respondió la señora que por lo menos le señalaría una; y preguntando él que cuál, le respondió ella: ""Esa espada que ciñe vuestra merced"".";si;no;si;infinitivo;animado;;
1605 CERVANTES SAAVEDRA, MIGUEL DE, El ingenioso hidalgo don Quijote de la mancha. Primera parte [España] [Francisco Rico, Barcelona, Galaxia Gutenberg-Círculo de lectores-Centro para la edición de los clásicos españoles, 2004] Novela;;CERVANTES SAAVEDRA, MIGUEL DE;El ingenioso hidalgo don Quijote de la mancha. Primera parte;1605;Novela;España;damas, armas, caballe-, le provocaron de mo- que, cual Orlando furio-, templado a lo enamora-, alcanzó a fuerza de bra- a Dulcinea del Tobo-.  No indiscretos hieroglí- estampes en el escu-, que, cuando es todo figu-, con ruines puntos se envi-. Si en la dirección te humi-, no dirá mofante algu-: «¡Qué don Álvaro de Lu-, qué Anibal el de Carta-, qué rey Francisco en Espa- se queja de la fortu-!». Pues al cielo no le plu-  que salieses tan ladi- como el negro Juan Lati-, hablar latines rehú-. No me despuntes de agu-, ni me alegues con;no;;;;;;
1633 PARAVICINO, FRAY HORTENSIO, Jesucristo desagraviado [España] [Francis Cerdán, Madrid, Castalia-Comunidad de Madrid, 1994] Religión;;PARAVICINO, FRAY HORTENSIO;Jesucristo desagraviado;1633;Religión;España;"Finalmente, al lance último que fue el golpe de la lanza, dio tanta agua y sangre el pecho, que llenaron de ella un cántaro; que siendo castigos nuestros, escasean la lluvia sus mismas iras, pero en tocando a su piedad y en su sangre, a cántaros llueve Dios. Llevaron entre temor y mofa la urna a la sinagoga, a ver si obraba milagros de salud la sangre de la copia, como la voz del original. Fueron sin número los que obró, y, algunos parecidos mucho a los primeros. El último fue en la ceguedad de todos ellos, pues se arrojaron a los pies de Adeodato";no;;;;;;
1640 PELLICER DE OSSAU SALAS I TOVAR, JOSÉ, «Avisos de 1640»(Avisos) [España] [Paris, Éditions Hispaniques, 2002] Ejército, ciencia militar;;PELLICER DE OSSAU SALAS I TOVAR, JOSÉ;Avisos de 1640(Avisos);1640;Ejército, ciencia militar;España;"Coliseo, donde la Reyna Nuestra Señora, mostrando gusto de verlas silbar, se ha ido haciendo con todas malas i buenas esta misma diligencia. Assí mismo, para que viesse todo lo que pasa en los Corrales en la Caçuela de las Mugeres, se ha representado bien al vivo, mesándose i arañándose vnas, dándose vaya otras, i mofándolas los mosqueteros. Han hechado entre ellas Ratones en Caxas que, abiertas, saltavan; i ayudado este alboroto de silvatos, chiflos i castradores, se hace expectáculo más de gusto que de decencia. El Rey Nuestro Señor reparte los Aposentos a Grandes, por sus turnos.";transitivo;;;;;;
1703 GARAU, FRANCISCO, El sabio instruido de la Gracia [España] [CORDE, Madrid, RAE, 2003] Educación;;GARAU, FRANCISCO;El sabio instruido de la Gracia;1703;Educación;España;"despuitur, deridetur, verberatur, faedis vestitur, foeditoribus coronatur. Mira aequaenimitatis fides! Qui in hominis figura proposuerat latere, nihil de impacientia hominis imitatus est. Hinc vel maximè Pharisaei dominum agnoscere de debuistis: patientiam enim huiusmodi, nemo hominum perpetraret. lib. de pacient. cap. 3. Le escupen, le mofan, le azotan, le visten de ignominia, y con mayor ignominia le coronan: y él siempre en su semblante muestra una inalterable magnanimidad de corazón amorosa; ni solo no se enoja, sino que ama, y perdona: como a de ser ombre puro, quien sabe assí perdonar? O gran Dios! esconder";transitivo;;;;;;
1703 GARAU, FRANCISCO, El sabio instruido de la Gracia [España] [CORDE, Madrid, RAE, 2003] Educación;;GARAU, FRANCISCO;El sabio instruido de la Gracia;1703;Educación;España;263. Niñas eran, y niños pequeños, dize el Texto: pueri parvi egressi sunt de Civitate. 4. Reg. 2. 23. y casi por la edad innocentes, los que osaron mofar al Santo Profeta Eliseo: Y con todo merecieron la indignación del Profeta, que les echó la maldición de su Dios: maledixit eis in nomine Domini, ibi n. 24. Pues si niños, si pequeños, si casi innocentes, que es lo que maldize en ellos. Puniti fuerunt pro peccato parentum, dize;transitivo;;;;;;
1703 GARAU, FRANCISCO, El sabio instruido de la Gracia [España] [CORDE, Madrid, RAE, 2003] Educación;;GARAU, FRANCISCO;El sabio instruido de la Gracia;1703;Educación;España;": 2. Reg. 18. Buen espacio de tiempo se vió perdido Saúl, luchando primero con su desdicha, y después con las agonias de la muerte: y advirtiendo que podía ser presa de sus contrarios, se dio la muerte desesperado, para huir de aquella afrenta: y no quiso advertir a que iva a ser mofa de los demonios, de que se podía librar con bolverse a Dios. Pudo dolerse de sus pecados; mas no se quiso doler. Buscó infelíz, no para dolerse, la vida; sino para no dolerse la muerte; y alló en la muerte un sempiterno dolor: 1. Reg. 31. 4. Lloró el Rey";no;;;;;;
1725 TORRES VILLARROEL, DIEGO DE, Correo del otro mundo [España] [Manuel María Pérez López, Madrid, Cátedra, 2000] Novela;;TORRES VILLARROEL, DIEGO DE;Correo del otro mundo;1725;Novela;España;se le olvida el leer, escribir y contar, que allá tienen una lengua y pluma con que se explican sin pluma ni lengua, y una práctica breve de números con que ajustan las cuentas en un abrir y cerrar de ojos. Y para que veas que estas cartas son petardo de algún alegrote que tiene gana de mofarte, vamos abriendo poco a poco.;transitivo;;;;;;
1725-1744 TORRES VILLARROEL, DIEGO DE, Extracto de los Pronósticos del gran Piscator de Salamanca, desde el año de 1725 hasta el de 1744 [España] [CORDE, Madrid, RAE, 2006] Astrología y ciencias ocultas;;TORRES VILLARROEL, DIEGO DE;Extracto de los Pronósticos del gran Piscator de Salamanca, desde el año de 1725 hasta el de 1744;1725-1744;Astrología y ciencias ocultas;España;"los Pueblos copiosos pórtate punto menos que en la Corte, y si es Población, donde hay Universidad, observa con reflexión su turba. De los Cursantes solo te advierto, que son mozos y libres; pero los Bachilleres, Maestros y Doctores (que serán los que preciados de Cátedra, y rebosando silogismos, se mofen de tu crédito), pregúntales  por la verdad de sus doctrinas, y sin turbarte arguye con tus demostraciones: si es Teólogo, pregunta si cesó aquella física predeterminación, que les ha costado tantos gritos: si es Médico, procura averiguar, si sabe ya ciertamente, si temperies materialis, & febres diariae, &";si;si;si;imperfectivo;animado;;
1725-1744 TORRES VILLARROEL, DIEGO DE, Extracto de los Pronósticos del gran Piscator de Salamanca, desde el año de 1725 hasta el de 1744 [España] [CORDE, Madrid, RAE, 2006] Astrología y ciencias ocultas;;TORRES VILLARROEL, DIEGO DE;Extracto de los Pronósticos del gran Piscator de Salamanca, desde el año de 1725 hasta el de 1744;1725-1744;Astrología y ciencias ocultas;España;"Pronóstico está aconsejado, y advertido de lo que te ha de decir: seas quien fueres, no quiero más quimeras con los Lectores, allá os las avengáis con mi papel, y reñid entre vosotros esta pendencia; yo metido en mi guardilla me estaré riendo de todos, y más quando sé, que si quieres mofarte, te ha de costar el dinero, y yo estaré comiendo pollas, y tú baboseando, y mordiendo el Pronóstico, sin poder nunca encarnarle; él va advertido de que en todo tiempo calle, como un mudo, porque contigo no ha de sacar la costa; y si me vieres por la Corte, no";si;si;no;infinitivo;animado;no reflexiva;
1727-1728 TORRES VILLARROEL, DIEGO DE, Visiones y visitas de Torres con Don Francisco de Quevedo por la corte [España] [Russell P. Sebold, Madrid, Espasa-Calpe, 1991] Novela;;TORRES VILLARROEL, DIEGO DE;Visiones y visitas de Torres con Don Francisco de Quevedo por la corte;1727-1728;Novela;España;"esta manifestación, y demuestran a los apetitos los órganos del bien y el mal; imprimen en los corazones lo que sin viveza les da el ingenio de la escritura. Instruidos de esta doctrina y prácticos maestros de esta ciencia, viven más aparejados para ser buenos que los ignorantes que muchas veces los escuchan y los mofan. Sus tareas son porfiadas, su estudio el más riguroso, porque colocan en la memoria las voces, el sentido, las acciones, el sitio desde donde y a quien lo han de decir, sacando a los humores de su natural propensión. Rencores acredita el suave, alegrías el triste, crueldades el piadoso;";transitivo;;;;;;
1727-1728 TORRES VILLARROEL, DIEGO DE, Visiones y visitas de Torres con Don Francisco de Quevedo por la corte [España] [Russell P. Sebold, Madrid, Espasa-Calpe, 1991] Novela;;TORRES VILLARROEL, DIEGO DE;Visiones y visitas de Torres con Don Francisco de Quevedo por la corte;1727-1728;Novela;España;"más retozones que asno que espera lluvia. Unos eran aplastados de gestos; las bocas se desbocaban a los oídos, risas burlonas, bailándoles tarantelas los ojos y zarabandas los semblantes. Otros, mohínos de fisonomía y zainos de guiñaduras. Uno se reía a empujones, con más falsedad que el alma de Judas. Otro se mofaba de su mismo compañero, pues detrás de los cariños se le bullían las burlas. Estaban todos dando solfas de murmuración a cuantos veían y descompasadamente hiriendo con la lengua, no la opinión, sino las figuras de los que pasaban por la calle, no valiéndoles la confusión del concurso para ocultarse de su fisga descomunal";si;si;si;imperfectivo;animado;;
1727-1728 TORRES VILLARROEL, DIEGO DE, Visiones y visitas de Torres con Don Francisco de Quevedo por la corte [España] [Russell P. Sebold, Madrid, Espasa-Calpe, 1991] Novela;;TORRES VILLARROEL, DIEGO DE;Visiones y visitas de Torres con Don Francisco de Quevedo por la corte;1727-1728;Novela;España;"asiste seis o siete días a la universidad, y no va a leer, ni a escribir ni a repasar, sino es a zumbar los nuevos, a romper la sotana y a torearse con otros; y, últimamente, a hacer burla y escarnio del maestro, pues desde los bancos le gritan, le mofan, le zumban y le irritan, sin dejarle dictar ni cumplir su obligación. Ésta es la vida de las escuelas; y en volviéndose a su casa, lleva menos vergüenza, ningún dinero y muchos vicios, especialmente el del juego de los naipes y el de las gorronas; que para la enseñanza del";transitivo;;;;;;
1742 FEIJOO, BENITO JERÓNIMO, Cartas eruditas y curiosas, en que por la mayor parte se continúa el designio de el Theatro Crítico Universal, impugnando o reduciendo a dudosas varias opiniones comunes, I [España] [CORDE, Madrid, Real Academia Española, 2004] Literatura;;FEIJOO, BENITO JERÓNIMO;Cartas eruditas y curiosas, en que por la mayor parte se continúa el designio de el Theatro Crítico Universal, impugnando o reduciendo a dudosas varias opiniones comunes, I;1742;Literatura;España;"nuevos milagros, y que apenas ha visto hasta ahora poner en práctica la regla establecida por el Concilio, en orden a este punto. Creo que en esto dirá V. mrd. verdad. Pero de esta verdad me lastimo yo, y me he lastimado siempre mucho; porque de la inobservancia de aquella regla toman ocasión los hereges para hacer mofa de los milagros que califican la verdad de nuestra religión. Como son muchos los que, siendo imaginarios, se publican como verdaderos, o por un vil interés, o por una indiscreta piedad, ellos pudieron assegurarse de la falsedad de algunos, y de aquí passan a la desconfianza de todos. No resultaría este inconveniente";no;;;;;;
1758 ISLA, JOSÉ FRANCISCO DE, Historia del famoso predicador Fray Gerundio de Campazas alias Zotes [España] [José Jurado, Madrid, Gredos, 1992] Novela;;ISLA, JOSÉ FRANCISCO DE;Historia del famoso predicador Fray Gerundio de Campazas alias Zotes;1758;Novela;España;a los demás ingenios verdaderos? ¿Sabes que se haya paseado por esas calles algún marqués Mascarilla o algún vizconde de Jodelet? Pues a Moliére se le antojó despachar esos dos títulos, perdonándoles las lanzas y las medias anatas a dos bufones, lacayos de dos marqueses verdaderos, para hacer una sangrienta, pero bien merecida mofa, de las «preciosas ridículas». Y en verdad que no tengo noticia de que por eso hayan perdido hasta ahora el sueño ni el marqués de Astorga ni el vizconde de Zolina. Finalmente,  ¿no me dirás en qué pila de Segovia está bautizado el Gran Tacaño? Y, sin embargo, no he oído quejarse;no;;;;;;
1760 FEIJOO, BENITO JERÓNIMO, Cartas eruditas y curiosas, en que por la mayor parte se continúa el designio del Theatro Crítico Universal, impugnando o reduciendo a dudosas varias opiniones comunes, V [España] [Madrid, Real Academia Española, 2004] Literatura;;FEIJOO, BENITO JERÓNIMO;Cartas eruditas y curiosas, en que por la mayor parte se continúa el designio del Theatro Crítico Universal, impugnando o reduciendo a dudosas varias opiniones comunes, V;1760;Literatura;España;esta expressión) fue un grande autor, y que supo dentro de la esfera de cosas naturales quanto en su tiempo supieron griegos y romanos. El vulgo ignorante  (en que quento algunos mal instruidos escritores) le tienen por algo fabuloso, con el grosero yerro de atribuirle ficciones agenas, de que él declaradamente hace escarnio y mofa. Sobre que se puede ver su apología en el Theatro Crítico tom. 6, disc. 2, §. 4.;no;;;;;;
1774-1778 CADALSO, JOSÉ DE, Cartas Marruecas [España] [Emilio Martínez Mata, Barcelona, Crítica, 2000] Historia;;CADALSO, JOSÉ DE;Cartas Marruecas;1774-1778;Historia;España;"precisión de que me despreciasen por tonto o me aborreciesen como capaz de vengarme. No tardé en escoger, a pesar de mi amor propio, el concepto que más me abatía. Humilláronme en tanto grado, que nada me podía consolar sino esta reflexión que hice con mucha frecuencia: con abrir yo la boca, me temblarían en lugar de mofarme; pero yo me estimaría menos. La autoridad de ellos puede desvanecerse, pero mi interior testimonio ha de acompañarme más allá de la sepultura. Hagan, pues, ellos lo que quieran; yo haré lo que debo.";transitivo;;;;;;
1782 IRIARTE, TOMÁS DE, Fábulas literarias [España] [Ángel L. Prieto de Paula, Madrid, Cátedra, 1992] Verso;;IRIARTE, TOMÁS DE;Fábulas literarias;1782;Verso;España;"sierpe venenosa! Murmuran por lo bajo, zumbando en voces roncas, el zángano, la avispa, el tábano y la mosca. Sálense del concurso,  por no escuchar sus glorias, el cigarrón dañino, la oruga y la langosta. La garduña se encoge, disimula la zorra, y el insolente mono hace de todo mofa. Estaba el elefante viéndolo con pachorra, y su razonamiento concluyó en esta forma: «A todos y a ninguno mis advertencias tocan: quien las siente, se culpa; el que no, que las oiga.»  Quien mis fábulas lea, sepa también que todas hablan a mil naciones, no sólo a la";no;;;;;;
1782 IRIARTE, TOMÁS DE, Fábulas literarias [España] [Ángel L. Prieto de Paula, Madrid, Cátedra, 1992] Verso;;IRIARTE, TOMÁS DE;Fábulas literarias;1782;Verso;España;aprendió de lengua que no es de moda. El español, al contrario, no olvida la jerigonza, y aun discurre que con ella ilustra su lengua propia. Llegó a pedir en francés los garbanzos de la olla, y desde el balcón de enfrente una erudita cotorra la carcajada soltó, haciendo del loro mofa. Él respondió solamente, como por tacha afrentosa: «Vos no sois que una purista.» Y ella dijo: «A mucha honra.» ¡Vaya, que los loros son lo mismo que las personas!;no;;;;;;
1784 ARROYAL, LEÓN DE, Los epigramas [España] [Madrid, Imp. de Ibarra, 1784] Verso;;ARROYAL, LEÓN DE;Los epigramas;1784;Verso;España;"Una agudeza en mí se ve burlada, Y en el Duque aplaudida una bobada: de lo que un docto dice mofan todos, mas á un Señor le alaban en mil modos, haciendo menosprecio de la ciencia, y elevando hasta el cielo la demencia; de lo que con razon, Don Juan, infiero, que el saber, en el mundo es el dinero.";si;no;si;imperfectivo;animado;;
1785 ANÓNIMO, «El viudo y la criada. Tonadilla a dúo»(Tonadillas teatrales) [España] [Madrid, Tipografía de Archivos, 1932] Verso;;ANÓNIMO;El viudo y la criada. Tonadilla a dúo(Tonadillas teatrales);1785;Verso;España;El. Calla, calla, muchacha, que tú te mofas.;si;si;no;imperfectivo;animado;;
1785 TRIGUEROS, CÁNDIDO MARÍA, El precipitado (comedia sentimental) [España] [Bolaños Donoso, Piedad, Sevilla, Alfar, 1988] Teatro;;TRIGUEROS, CÁNDIDO MARÍA;El precipitado (comedia sentimental);1785;Teatro;España;"CANDIDA. No me interrumpáis, don Amato. Y, ¿cuál sería vuestra suerte? Abandonado de los vuestros y mofado de todos. Mi corazón se rasgaría viéndoos en tal desventura; vuestro  corazón no podría resistir * a los dolores del mío... ¡Ay!, señor, me amo yo mucho pero os amo más a vos: deseo mi felicidad, pero deseo más la vuestra. Vos no podéis ser feliz si no abandonáis";no;;;;;;
1786 MONTENGÓN, PEDRO, Eusebio [España] [Fernando García Lara, Madrid, Cátedra, 1998] Novela;;MONTENGÓN, PEDRO;Eusebio;1786;Novela;España;consejos, ni yo supiera darles realce con la amplificación. Sobrada fuerza tiene su exposición sencilla para que pueda recibirla mayor de mis razones. Bastan esas pocas líneas para desmentir a los que, llevados de su liviano modo de juzgar, tachan de soberbio a ese sublime estoico, como si ellos dejasen de ser soberbios con hacer mofa de aquellos a quienes no son capaces de imitar. Lástima que dejase Hardyl de continuar sobre esto por deber atender a Luis Robert, que entraba en la tienda con su hermano mayor, el cual quiso informarse de Hardyl si era verdad el trueque hecho de la casaca. Díjole éste ser mucha verdad, y para confirmársela le;no;;;;;;
c1788-c1796 FORNER, JUAN PABLO, Exequias de la Lengua Castellana. Sátira Menipea. [España] [José Jurado, Madrid, Consejo Superior de Investigaciones Científicas, 2000] Literatura;;FORNER, JUAN PABLO;Exequias de la Lengua Castellana. Sátira Menipea.;c1788-c1796;Literatura;España;— ¿Buena va la danza! —prorrumpió aquí Arcadio, cabeceando como quien se mofa.;si;si;no;imperfectivo;animado;;
c1788-c1796 FORNER, JUAN PABLO, Exequias de la Lengua Castellana. Sátira Menipea. [España] [José Jurado, Madrid, Consejo Superior de Investigaciones Científicas, 2000] Literatura;;FORNER, JUAN PABLO;Exequias de la Lengua Castellana. Sátira Menipea.;c1788-c1796;Literatura;España;Pero, ¿qué? Cuando logren miserable hacer mi vida entre pobreza dura, daño más que sus obras tolerable, »¿Mejorará por eso la basura de sus fétidos pliegos? ni a mi mente, ¿podrán vedar que silbe su locura? »En tranquilo retiro, en inocente  penuria, las riquezas despreciando, mofaré al charlatán impertinente »Y, azote eterno del pedante bando, por el gustazo sólo de silbarle renunciaré al favor, al oro, al mando. »Cuando Burrino en sus corrillos garle, desenvainando un papelón sangriento, que su ciego furor supo dictarle, »En que, todo rabioso y;transitivo;;;;;;
1791-1821 QUINTANA, MANUEL JOSÉ, «Las relgas del drama. Ensayo didáctico»(Poesías) [España] [Madrid, Castalia, 1969] Verso;;QUINTANA, MANUEL JOSÉ;Las relgas del drama. Ensayo didáctico(Poesías);1791-1821;Verso;España;digno de renombre inmortal el hombre osado que al ver la fiesta celebrar del vino,  del carro a la vendimia consagrado supo alzar a Melpómene sangrienta su terrible y magnífico tablado. ¡Evoe! clamaba ronca y turbulenta la viñadora gente: ¡Evoe! sonaba el eco en torno que el aplauso aumenta. Mofaba ora mordaz, y ora cantaba, y la faz insolente y atrevida con heces y con pámpanos velaba. Ora de alguna acción esclarecida la gloria discantaba en noble acento, siempre con gusto y suspensión oída. Y en medio del bullicio y del contento que el agreste espectáculo esparcía por todo el campo, a;si;no;no;imperfectivo;animado;;
1796 BLANCO WHITE, JOSÉ MARÍA, «Epístola a Don Juan Pablo Forner»(Obra poética completa) [España] [Madrid, Visor, 1994] Verso;;BLANCO WHITE, JOSÉ MARÍA;Epístola a Don Juan Pablo Forner(Obra poética completa);1796;Verso;España;que a sus aras, no manchadas Con vil ofrenda, sin temor se acerque Gloriosa tropa, que con manos puras  Queme el sagrado incienso, que otras veces Se ofreció ante un inmundo simulacro. Del elevado trono en que se ostenta Arroja la ignorancia, y sus secuaces, Desnudos ya del engañoso brillo, Mofa sean del pueblo, que otro tiempo Se rindió ante sus plantas, temeroso. ¡Oh! ¡Venga el día, día deseado En que su gloria el Helicón te aclame Y en su esclarecedor el mundo todo!;no;;;;;;
c1797 ANÓNIMO, «La ciencia currutaca. Tonadilla a solo»(Tonadillas teatrales) [España] [Madrid, Tipografía de Archivos, 1932] Verso;;ANÓNIMO;La ciencia currutaca. Tonadilla a solo(Tonadillas teatrales);c1797;Verso;España;Currutacos míos, no me queráis mal y de mis lecciones os aprovechad. Ved que dais a todos risa en general. Las muchachas se burlan. Los viejos se incomodan. Los juiciosos critican y los tunos se mofan Ni en el comercio, ni por soldado, ni por letrado puede probar quien en su adorno piensa no más. Pero yo os pido, en caridad, currutacos míos, no me queráis mal, y de mis lecciones os aprovechad. Ved que dais a todos risa en general.;si;si;si;imperfectivo;animado;;
1799-1815 CONDE DE NOROÑA (GASPAR MARÍA DE NAVA ÁLVAREZ DE NOROÑA), Poesías [España] [Leopoldo Augusto Cueto, Madrid, Rivadeneyra, 1871] Verso;;CONDE DE NOROÑA (GASPAR MARÍA DE NAVA ÁLVAREZ DE NOROÑA);Poesías;1799-1815;Verso;España;"jardín de Lísis. Cogiendo está Cupido Mil flores, que deshace, Jugando como un niño; Salta una mariposa, Alarga sus deditos, Y por pillarla, deja Sus armas con descuido. Lísis, que así le mira, Se acerca de improviso, Le torna las saetas Y el arco vengativo; Menea la cabeza, Mofándole infinito; Mas él dice sereno, Con un blando sonriso: «— ¿Por qué tomas mis armas, Si tus ojos divinos Son dardos, que atraviesan Mucho más que los mios? Á UNA PALOMA. Dulce paloma mía, Vuela, vuela al momento, Y, buscando A mi Amira, Colócate en su pecho,";transitivo;;;;;;
1799-1815 CONDE DE NOROÑA (GASPAR MARÍA DE NAVA ÁLVAREZ DE NOROÑA), Poesías [España] [Leopoldo Augusto Cueto, Madrid, Rivadeneyra, 1871] Verso;;CONDE DE NOROÑA (GASPAR MARÍA DE NAVA ÁLVAREZ DE NOROÑA);Poesías;1799-1815;Verso;España;". Firme siempre detras de ella, Sin duda para agradarla, Tus vestidos rozagantes De armaduras sobrecargas; Las muchachas, al mirarte, Dan alegres risotadas, Y en los valles y collados Repite eco su algazara. Por el dia, por la noche, A la tarde y la mañana, Te has hecho fábula y mofa De todos cuantos te tratan. Con un manto hacia nosotras Te acercas con grave marcha, Y nosotras nos reímos, Tonteando por tu causa. Si otra vez vienes, acaso Saldrá, derramando rabia, El leon á quien los fuertes Leones del valle acatan. No quedando más de toda Esa tu vana arrogancia Que el";no;;;;;;
1799-1815 CONDE DE NOROÑA (GASPAR MARÍA DE NAVA ÁLVAREZ DE NOROÑA), Poesías [España] [Leopoldo Augusto Cueto, Madrid, Rivadeneyra, 1871] Verso;;CONDE DE NOROÑA (GASPAR MARÍA DE NAVA ÁLVAREZ DE NOROÑA);Poesías;1799-1815;Verso;España;"jóven gentil y la muchacha, si muy en breve me dirá la esquila:  «Toma el fardo, despacha»? Por mar hinchado voy, pronto á sumirme En negra noche, cuando ya debiera, Cansado de naufragios, divertirme Sereno en la ribera. Ciego en mi error  prosigo sin cordura; En las calles me mofa el pueblo y grita, Y en las mesas descubro la locura Que mi interior agita. Si el corazon, Hafiz, la paz te pide, Y tú con ánsia conseguirla quieres, Únete á lo que adoras, y despide Los mundanos placeres.";transitivo;;;;;;
1802 QUINTANA, MANUEL JOSÉ, «Prólogo a mi amigo don Toribio Núñez en las poesías de 1802»(Poesías) [España] [Madrid, Castalia, 1969] Verso;;QUINTANA, MANUEL JOSÉ;Prólogo a mi amigo don Toribio Núñez en las poesías de 1802(Poesías);1802;Verso;España;"en literatura hacen profesión de maldicientes y aspiran por medio de sarcasmos a castigar en los autores la ambición de sobresalir, no logran jamás humillarlos tan completamente como desean. El amor propio de los que escriben se rebela contra el amor propio de los que critican; a los malos autores consuela el ejemplo de los buenos, zaheridos y mofados también como ellos; y a los buenos el conocimiento de sus propias fuerzas, que los pone a cubierto de la rabia insensata de sus contrarios.";no;;;;;;
1805 ZAVALA Y ZAMORA, GASPAR, La Eumenia o La madrileña, teatro moral [España] [Guillermo Carnero, Barcelona, Universidad de Alicante. Sirmio, 1992] Novela;;ZAVALA Y ZAMORA, GASPAR;La Eumenia o La madrileña, teatro moral;1805;Novela;España;"su nacimiento ilustre, la guardaba quantas atenciones merece la desgracia. La sentaba a su mesa con freqüencia, cediéndola siempre el mejor lugar; pero jamás quiso otro alimento que pan duro ni otra bebida que agua. Penetrados de su vida austera, la reverenciaban todas las gentes honradas; pero otros rústicos insolentes la insultaban y mofaban de que tenía voz de muger y ninguna señal de barba. Sufría sin quejarse estas injurias, persuadida a que ningún padecer bastaba a expiar sus yerros; en una palabra, era tan vil a sus ojos que aún se creía indigna de recogerse en su ermita, y pasaba días y noches a la inclemencia de las estaciones en";si;no;si;imperfectivo;animado;;
c1806 JOVELLANOS, GASPAR MELCHOR DE, Descripción del castillo de Bellver [España] [José Caso González, Madrid, Castalia, 1970] Turismo;;JOVELLANOS, GASPAR MELCHOR DE;Descripción del castillo de Bellver;c1806;Turismo;España;"literatura, la industria, y aun dado a la moderna galantería un carácter tanto menos fiero cuanto más pulido; pero compárense los tiempos a las costumbres, y búsquese a esta luz el influjo moral y político de unas y otras fiestas. El paralelo no será ventajoso para nosotros.  Aquellos usos, de que hoy nos mofamos, hacían de los caballeros discretos poetas, de los poetas esforzados paladines, y de las damas jueces capaces de calificar el valor y el ingenio de unos y otros. ¿No se educaron en ellos los Moncadas y Torrellas, gloria de Aragón; los Rocaforts y Montaneres, terror del Oriente, y los Vidales";si;si;si;imperfectivo;animado;;
1832 LARRA, MARIANO JOSÉ DE, «¿Quién es el público y dónde se le encuentra? Artículo mutilado, o sea refundido. Hermite de la Chaussée D'Antin»(Fígaro. Colección de artículos dramáticos, literarios y de costumbres) [España] [Barcelona, Crítica, 2000] Educación;;LARRA, MARIANO JOSÉ DE;¿Quién es el público y dónde se le encuentra? Artículo mutilado, o sea refundido. Hermite de la Chaussée D'Antin(Fígaro. Colección de artículos dramáticos, literarios y de costumbres);1832;Educación;España;contradicción hasta con las leyes y con la justicia? ¿Será la que condena a vilipendio eterno al hombre juicioso que rehúsa salir al campo a verter su sangre por el capricho o la imprudencia de otro, que acaso vale menos que él? ¿Será la que en el teatro y en la sociedad se mofa de los acreedores en obsequio de los tramposos, y marca con oprobio la existencia y el nombre del marido que tiene la desgracia de tener una loca u otra cosa peor por mujer? ¿Será la que acata y ensalza al que roba mucho con los nombres de señor o de héroe, y sanciona la muerte infamante;si;si;si;imperfectivo;animado;;
1836 LARRA, MARIANO JOSÉ DE, ««Margarita de Borgoña». Drama nuevo en cinco actos»(Fígaro. Colección de artículos dramáticos, literarios y de costumbres) [España] [Barcelona, Crítica, 2000] Educación;;LARRA, MARIANO JOSÉ DE;«Margarita de Borgoña». Drama nuevo en cinco actos(Fígaro. Colección de artículos dramáticos, literarios y de costumbres);1836;Educación;España;"El hijo de Lucrecia es inmoral; pero es muy moral Orestes, y más moral todavía Agamenón matando a su hija, los hijos de Edipo matándose uno a otro, etc., etc. ¿Y en la comedia clásica misma, en Molière, en Moratín, hay otra cosa que hijos que se burlan, que se mofan de sus padres, mujeres que buscan las vueltas a sus maridos, puestos en ridículo porque quieren conservar la virtud de sus mujeres, tramposos entronizados y acreedores escarnecidos? Todo eso es muy moral.";si;si;si;imperfectivo;animado;;
1847 ESTÉBANEZ CALDERÓN, SERAFÍN, Escenas andaluzas, bizarrías de la tierra, alardes de toros, rasgos populares, cuadros de costumbres y artículos varios, que de tal y cual materia, ahora y entonces, aquí y acullá y por diverso son y compás, aunque siempre por lo español y castizo ha dado a la estampa el solitario [España] [Alberto González Troyano, Madrid, Cátedra, 1985] Relatos;;ESTÉBANEZ CALDERÓN, SERAFÍN;Escenas andaluzas, bizarrías de la tierra, alardes de toros, rasgos populares, cuadros de costumbres y artículos varios, que de tal y cual materia, ahora y entonces, aquí y acullá y por diverso son y compás, aunque siempre por lo español y castizo ha dado a la estampa el solitario;1847;Relatos;España;la admiración y espanto de su víctima, que ignora lo que le pasa y no alcanza el nuevo trance a donde ha venido, abriendo la falleba de otro aposento, y dando entrada a otro galán, en cuyos brazos arroja y entrelaza la que se deshace en llanto, se salva por otra puerta, riéndose y mofándose infernalmente de las escenas que ha provocado y la catástrofe que sus trazas han llevado a efecto.;si;si;si;gerundio;animado;;
1849 FERNÁN CABALLERO (CECILIA BÖHL DE FABER), La gaviota [España] [Barcelona, Crítica, 1997] Novela;;FERNÁN CABALLERO (CECILIA BÖHL DE FABER);La gaviota;1849;Novela;España;— Caballero —respondió el malvado pollito—, hartas veces se ha divertido usted conmigo, empujándome por detrás y abriéndome la cola a guisa de abanico para que se mofaran de mí todos los que me veían. No, amigo, a cada puerco le llega su san Martín. * Y a más ver, señor farsante.;si;si;si;imperfectivo;animado;;
1853 CASTELAR, EMILIO, «Lucano, su vida, su genio, su poema. Discurso leido en la Universidad Central por D. Emilio Castelar, en el acto solemne de recibir la investidura de Doctor en la Facultad de Filosofía, sección de literatura»(Discursos políticos y literarios) [España] [Madrid, Imprenta de J. Antonio García, 1861] Relatos;;CASTELAR, EMILIO;Lucano, su vida, su genio, su poema. Discurso leido en la Universidad Central por D. Emilio Castelar, en el acto solemne de recibir la investidura de Doctor en la Facultad de Filosofía, sección de literatura(Discursos políticos y literarios);1853;Relatos;España;"de muralla para que le reciba  dignamente Roma cuando vuelve de los juegos griegos triunfador, envuelto en rozagante púrpura de Tiro, con la corona de oliva en la frente y el laurel píthico en las manos; se indigna de la rebelión de Vindex, no porque el Pretor de las Gálias desconociera su autoridad, sino porque se mofaba de su divino génio; y en la hora suprema de morir no siente que se quiebre su cetro y se estinga su poder, sino que se quiebre su lira y se apague su meliflua voz; no llora en su muerte al Emperador sino al artista.";si;si;si;imperfectivo;animado;;
1873 PÉREZ GALDÓS, BENITO, Trafalgar [España] [Dolores Troncoso, Barcelona, Crítica, 1995] Novela;;PÉREZ GALDÓS, BENITO;Trafalgar;1873;Novela;España;"su velamen, y cual terribles armas, la poderosa artillería de sus costados. Mirándolos, mi imaginación no podía menos de personalizarlos, y aun ahora me parece que los veo acercarse, desafiarse, orzar con ímpetu para descargar su andanada, lanzarse al abordaje con ademán provocativo, retroceder con ardiente coraje para tomar más fuerza, mofarse del enemigo, increparle; me parece que les veo expresar el dolor de la herida, o exhalar noblemente el gemido de la muerte, como el gladiador que no olvida el decoro en la agonía; me parece oír el rumor de las tripulaciones, como la voz que sale de un pecho irritado, a veces alarido";si;si;si;infinitivo;animado;;
1879 SELGAS Y CARRASCO, JOSÉ, Hechos y dichos [España] [Madrid, Imprenta de A. Pérez Dubrull, 1889] Literatura;;SELGAS Y CARRASCO, JOSÉ;Hechos y dichos;1879;Literatura;España;"En las frases hechas ha encontrado nuestra lengua ancho campo á sus caprichos; en esa región es donde hace más descarado alarde de su independencia, y desde allí, con un desenfado inaudito, se burla de la Gramática, se mofa de la Academia y se ríe de sí misma.";si;si;si;imperfectivo;animado;;burlar, reír, mofar
1879 SELGAS Y CARRASCO, JOSÉ, Hechos y dichos [España] [Madrid, Imprenta de A. Pérez Dubrull, 1889] Literatura;;SELGAS Y CARRASCO, JOSÉ;Hechos y dichos;1879;Literatura;España;Mas el genio de la lengua, que todo lo celebra y de todo se burla, dándose la importancia de quien va á decidir el caso con un golpe maestro, ha intentado mofarse de Shakespeare, de Saint-Pierre, de Julieta y Romeo, de Pablo y Virginia, de la crítica y de todos los que sentimos y admiramos la sublime belleza de esas obras maestras, lanzando á las corrientes impetuosas de la palabra una frase burlesca, desdeñosa, que cae como jarro de agua fría en el fuego de;si;si;si;infinitivo;animado;;
1884 PÉREZ GALDÓS, BENITO, La de Bringas [España] [Alda Blanco/Carlos Blanco Aguinaga, Madrid, Cátedra, 1994] Relatos;;PÉREZ GALDÓS, BENITO;La de Bringas;1884;Relatos;España;Pez Al punto a que han llegado las cosas, amigo don Francisco, es imposible, es muy difícil, es arriesgadísimo aventurar juicio alguno. La revolución de que tanto nos hemos reído, de que tanto nos hemos burlado, de que tanto nos hemos mofado, va avanzando, va minando, va labrando su camino, y lo único que debemos desear, lo único que debemos pedir, es que no se declare verdadera incompatibilidad, verdadera lucha, verdadera guerra a muerte entre esa misma revolución y las instituciones, entre las nuevas ideas y el Trono, entre las reformas indispensables y;si;si;si;perfectivo;animado;;burlar, reír, mofar
1886 PARDO BAZÁN, EMILIA, Los pazos de Ulloa [España] [Nelly Clémessy, Madrid, Espasa Calpe, 1987] Novela;;PARDO BAZÁN, EMILIA;Los pazos de Ulloa;1886;Novela;España;Tampoco allí se encontraba bien. Sofocábale cierta atmósfera intelectual, muy propia de ciudad universitaria. Compostela es pueblo en que nadie quiere pasar por ignorante, y comprendía el señorito cuánto se mofarían de él y qué chacota se le preparaba, si se averiguase con certeza que no estaba fuerte en ortografía ni en otras ias nombradas allí a menudo. Se le sublevaba su amor propio de monarca indiscutible en los Pazos de Ulloa al verse tenido en menos que unos catedráticos acatarrados y pergaminosos, y aun que unos estudiantes;si;si;si;imperfectivo;animado;;
1886 PARDO BAZÁN, EMILIA, Los pazos de Ulloa [España] [Nelly Clémessy, Madrid, Espasa Calpe, 1987] Novela;;PARDO BAZÁN, EMILIA;Los pazos de Ulloa;1886;Novela;España;la inconsistencia del gelatinoso protoplasma, que aún no tenía conciencia de sí propio ni vivía más que para la sensación, la madre le atribuía sentido y presciencia, le insuflaba en locos besos su alma propia, y en su concepto la chiquilla lo entendía todo, y sabía y ejecutaba mil cosas oportunísimas, y hasta se mofaba discretamente, a su manera, de los dichos y hechos del ama.;si;si;si;imperfectivo;animado;;
1926 MAEZTU, RAMIRO DE, Don Quijote, Don Juan y la Celestina. Ensayos en simpatía. [España] [Madrid, Espasa-Calpe, 1981] Literatura;;MAEZTU, RAMIRO DE;Don Quijote, Don Juan y la Celestina. Ensayos en simpatía.;1926;Literatura;España;"Un francés, un inglés, un alemán o un italiano, no se habría burlado de la caballería andante, de haber poseído un espíritu de primer orden. Habría sentido que se mofaba de una de las instituciones fundadoras de la civilización en su país, como lo fueron en Castilla los jueces y la Iglesia, al principio; la monarquía y la Iglesia, después, de cuyas instituciones no se burla Cervantes. Si puede hacer mofa de la caballería andante es porque no se trata sino de una  imitación extraña";si;si;si;imperfectivo;animado;;
1926 MAEZTU, RAMIRO DE, Don Quijote, Don Juan y la Celestina. Ensayos en simpatía. [España] [Madrid, Espasa-Calpe, 1981] Literatura;;MAEZTU, RAMIRO DE;Don Quijote, Don Juan y la Celestina. Ensayos en simpatía.;1926;Literatura;España;", de haber poseído un espíritu de primer orden. Habría sentido que se mofaba de una de las instituciones fundadoras de la civilización en su país, como lo fueron en Castilla los jueces y la Iglesia, al principio; la monarquía y la Iglesia, después, de cuyas instituciones no se burla Cervantes. Si puede hacer mofa de la caballería andante es porque no se trata sino de una  imitación extraña al carácter y a la historia española. Pero si un caballero andante, mirado por fuera, tiene que parecerle estrafalario y digno del ridículo, por dentro, en cambio, por lo entusiasta y lo creyente, se identifica con su juventud";no;;;;;;
1929 ESPINA, ANTONIO, Luna de copas (Novela) [España] [Madrid, Revista de Occidente, 1929] Novela;;ESPINA, ANTONIO;Luna de copas (Novela);1929;Novela;España;Se mofan con el timbre comercial y con el autógrafo amistoso.;si;si;no;imperfectivo;animado;;
1930 ARCONADA, CÉSAR, La turbina [España] [Gonzalo Santonja, Madrid, Ediciones Turner, 1975] Novela;;ARCONADA, CÉSAR;La turbina;1930;Novela;España;Las voces eran desconcertantes, chillonas, hirientes. Era la protesta de los chicos, la mofa, porque los chicos, por ser chicos, eran los más ilusionados, y, por lo mismo, a los que más afectaba el fracaso.;no;;;;;;
1930 ARCONADA, CÉSAR, La turbina [España] [Gonzalo Santonja, Madrid, Ediciones Turner, 1975] Novela;;ARCONADA, CÉSAR;La turbina;1930;Novela;España;— ¡Cristo! ¡Esos bandidos, canallas! ¡Están aquí robando y después me preñan a la hija! ¡No puedo consentirlo! ¡Qué vergüenza! ¡Qué dirá la gente! ¡Canallas! ¡Y lo han hecho por mofarse de mí, como escarnio, porque los odio, porque son unos hijos de  puta, y los voy a matar ahora mismo como a cucarachas!;si;si;si;infinitivo;animado;;
1936-1939 MARAÑÓN, GREGORIO, El Conde-Duque de Olivares [España] [Madrid, Espasa-Calpe, 1990] Historia;;MARAÑÓN, GREGORIO;El Conde-Duque de Olivares;1936-1939;Historia;España;"nuestra Señora, muestra gusto de verlas silbar, por lo que se ha ido haciendo con todas, malas y buenas, esta diligencia. Asimismo, para que viese todo lo que pasa en los corrales, en la cazuela de las mujeres se han representado bien al vivo, mesándose y arañándose unas, dándose vaya otras, y mofándose los mosqueteros. Han echado entre ellas ratones en cajas que, abiertas, saltaban; y ayudando este alboroto de silbatos, chiflos y  castradores, se hace espectáculo más de gusto que de decencia.» Las damas se entretenían tirando huevos plateados llenos de agua de olor, en cuyos proyectiles gastó el Conde-Duque, en una";si;si;no;gerundio;animado;;
1972 TORRENTE BALLESTER, GONZALO, La saga/fuga de J. B. [España] [Barcelona, Destino, 1995] Novela;;TORRENTE BALLESTER, GONZALO;La saga/fuga de J. B.;1972;Novela;España;no de esta manera.» «¿Qué le falta a mi muerte? Porque, si no es muy difícil, podemos añadirlo ahora.» Clotilde dejó de reír y arrojó el periódico al suelo. «¿Y vas a tolerar esto?» «¿Tolerar el qué?» «¡Esta burla, esta mofa, esta tomadura de pelo!» Jacinto se quitó las gafas. «Tu afición a la redundancia, querida hermana, me hubiera sacado de quicio una vez más si el estado en que me encuentro no me obligase a la indiferencia. Por otra parte, no veo en qué consiste la burla. Estoy muerto.;no;;;;;;
1975 MENDOZA, EDUARDO, La verdad sobre el caso Savolta [España] [Barcelona, Seix Barral, 1994] Novela;;MENDOZA, EDUARDO;La verdad sobre el caso Savolta;1975;Novela;España;se mostraban satisfechos hasta reventar. Con las nuevas amistades, las cosas eran aún peor. Experimentaban una visceral aversión por Cataluña y todo lo catalán. Su contacto con el comerciante desangelado, pretencioso y chauvinista les había creado una imagen del catalán de la que no se apeaban. Remedaban el acento, ironizaban y se mofaban del carácter regional y criticaban con exasperación el separatismo, abrumándome con argumentos como si yo fuera el portaestandarte de los defectos catalanes. Pretendían, creo, que defendiera tesis subversivas y antipatrióticas para poder dar rienda suelta a sus sentimientos hostiles. Si no lo hacía y me identificaba con su postura, se sentían defraudados y;si;si;si;imperfectivo;animado;;